country,region,variety,process,moisture,altitude,target
Brazil,alta paulista (sao paulo),Mundo Novo,Natural / Dry,0.1100,695.0000,fair
Brazil,carmo de minas,Bourbon,Semi-washed / Semi-pulped,0.0000,1250.0000,fair
Brazil,carmo de minas,Yellow Bourbon,Semi-washed / Semi-pulped,0.1200,1250.0000,great
Brazil,cerrado,Catuai,Natural / Dry,0.1100,1100.0000,fair
Brazil,cerrado,Catuai,Natural / Dry,0.1100,1100.0000,poor
Brazil,cerrado,Catuai,Natural / Dry,0.0000,1150.0000,good
Brazil,cerrado,Catuai,Natural / Dry,0.1200,900.0000,great
Brazil,cerrado,Catuai,Natural / Dry,0.1100,982.0000,fair
Brazil,cerrado,Catuai,Semi-washed / Semi-pulped,0.1100,1050.0000,fair
Brazil,cerrado,Mundo Novo,Natural / Dry,0.0200,925.0000,good
Brazil,cerrado,Peaberry,Semi-washed / Semi-pulped,0.1100,1100.0000,fair
Brazil,grama valley,Mundo Novo,Natural / Dry,0.1200,1100.0000,good
Brazil,grama valley,Mundo Novo,Natural / Dry,0.1200,1100.0000,fair
Brazil,grama valley,Mundo Novo,Natural / Dry,0.1200,1100.0000,great
Brazil,grama valley,Yellow Bourbon,Semi-washed / Semi-pulped,0.1100,1200.0000,good
Brazil,high mogiana,Catuai,Natural / Dry,0.0000,1000.0000,good
Brazil,mantiqueira de minas,Bourbon,Pulped natural / honey,0.1100,1100.0000,poor
Brazil,mantiqueira de minas,Yellow Bourbon,Natural / Dry,0.1200,1200.0000,poor
Brazil,mantiqueira de minas,Yellow Bourbon,other,0.1200,1200.0000,poor
Brazil,mantiqueira de minas,Yellow Bourbon,Semi-washed / Semi-pulped,0.1000,1250.0000,fair
Brazil,minas gerais,Catuai,Natural / Dry,0.1100,1100.0000,good
Brazil,minas gerais,Catuai,Natural / Dry,0.1100,995.0000,poor
Brazil,minas gerais,Catuai,Semi-washed / Semi-pulped,0.1100,1100.0000,great
Brazil,minas gerais,Catuai,Washed / Wet,0.0900,1100.0000,fair
Brazil,minas gerais,Mundo Novo,Natural / Dry,0.1100,1038.5000,good
Brazil,minas gerais,Mundo Novo,Natural / Dry,0.1100,1038.5000,great
Brazil,mogiana,Mundo Novo,Natural / Dry,0.1100,950.0000,good
Brazil,monte carmelo,Catuai,Natural / Dry,0.1100,1020.0000,poor
Brazil,monte carmelo,Mundo Novo,Natural / Dry,0.1100,973.0000,fair
Brazil,south of minas,Bourbon,Natural / Dry,0.1100,1100.0000,good
Brazil,south of minas,Bourbon,Natural / Dry,0.1100,890.0000,fair
Brazil,south of minas,Bourbon,Natural / Dry,0.0000,1100.0000,fair
Brazil,south of minas,Bourbon,Natural / Dry,0.1000,1100.0000,fair
Brazil,south of minas,Bourbon,Natural / Dry,0.0000,890.0000,good
Brazil,south of minas,Bourbon,Natural / Dry,0.1100,934.0000,good
Brazil,south of minas,Bourbon,Natural / Dry,0.1100,890.0000,fair
Brazil,south of minas,Bourbon,Natural / Dry,0.1100,934.0000,fair
Brazil,south of minas,Bourbon,Natural / Dry,0.0700,1268.0000,great
Brazil,south of minas,Bourbon,Natural / Dry,0.1100,1100.0000,great
Brazil,south of minas,Bourbon,Natural / Dry,0.1100,1100.0000,good
Brazil,south of minas,Bourbon,Natural / Dry,0.1100,934.0000,fair
Brazil,south of minas,Bourbon,Natural / Dry,0.1100,894.0000,good
Brazil,south of minas,Bourbon,Natural / Dry,0.1100,944.0000,poor
Brazil,south of minas,Bourbon,Natural / Dry,0.1200,1250.0000,great
Brazil,south of minas,Bourbon,Natural / Dry,0.1100,1200.0000,great
Brazil,south of minas,Bourbon,Natural / Dry,0.0200,1050.0000,great
Brazil,south of minas,Bourbon,Natural / Dry,0.0000,890.0000,good
Brazil,south of minas,Bourbon,Natural / Dry,0.1100,934.0000,good
Brazil,south of minas,Bourbon,Natural / Dry,0.0000,890.0000,poor
Brazil,south of minas,Bourbon,Natural / Dry,0.1100,890.0000,good
Brazil,south of minas,Bourbon,Natural / Dry,0.1100,890.0000,great
Brazil,south of minas,Bourbon,Natural / Dry,0.1100,934.0000,good
Brazil,south of minas,Bourbon,Natural / Dry,0.1100,890.0000,good
Brazil,south of minas,Bourbon,Natural / Dry,0.1100,890.0000,fair
Brazil,south of minas,Bourbon,Natural / Dry,0.0200,900.0000,good
Brazil,south of minas,Bourbon,Natural / Dry,0.0000,890.0000,fair
Brazil,south of minas,Bourbon,Natural / Dry,0.1100,894.0000,good
Brazil,south of minas,Bourbon,Natural / Dry,0.1100,872.0000,good
Brazil,south of minas,Bourbon,Natural / Dry,0.0000,890.0000,good
Brazil,south of minas,Bourbon,Semi-washed / Semi-pulped,0.1100,1250.0000,great
Brazil,south of minas,Bourbon,Semi-washed / Semi-pulped,0.1100,1250.0000,great
Brazil,south of minas,Bourbon,Semi-washed / Semi-pulped,0.0000,1200.0000,good
Brazil,south of minas,Bourbon,Semi-washed / Semi-pulped,0.1200,1250.0000,good
Brazil,south of minas,Bourbon,Semi-washed / Semi-pulped,0.1200,125.0000,fair
Brazil,south of minas,Bourbon,Semi-washed / Semi-pulped,0.0000,1200.0000,poor
Brazil,south of minas,Bourbon,Washed / Wet,0.1000,1260.0000,fair
Brazil,south of minas,Bourbon,Washed / Wet,0.0000,1200.0000,great
Brazil,south of minas,Catuai,Natural / Dry,0.1200,1000.0000,great
Brazil,south of minas,Catuai,Semi-washed / Semi-pulped,0.1200,1100.0000,good
Brazil,south of minas,Catuai,Semi-washed / Semi-pulped,0.1000,1227.0000,great
Brazil,south of minas,Catuai,Semi-washed / Semi-pulped,0.1200,1000.0000,good
Brazil,south of minas,Mundo Novo,Natural / Dry,0.0000,975.0000,fair
Brazil,south of minas,Mundo Novo,Natural / Dry,0.1200,1000.0000,fair
Brazil,south of minas,Mundo Novo,Natural / Dry,0.1200,1000.0000,good
Brazil,south of minas,Mundo Novo,Natural / Dry,0.1200,1000.0000,poor
Brazil,south of minas,Mundo Novo,Semi-washed / Semi-pulped,0.1200,1000.0000,fair
Brazil,south of minas,Mundo Novo,Semi-washed / Semi-pulped,0.1200,950.0000,fair
Brazil,south of minas,Mundo Novo,Washed / Wet,0.1100,950.0000,good
Brazil,south of minas,Yellow Bourbon,Natural / Dry,0.0000,1.0000,fair
Brazil,south of minas,Yellow Bourbon,Natural / Dry,0.0000,1.0000,great
Brazil,south of minas,Yellow Bourbon,Natural / Dry,0.0000,1260.0000,poor
Brazil,south of minas,Yellow Bourbon,Natural / Dry,0.0000,1.0000,good
Brazil,south of minas,Yellow Bourbon,Natural / Dry,0.0000,1.0000,good
Brazil,south of minas,Yellow Bourbon,Natural / Dry,0.0000,1.0000,poor
Brazil,south of minas,Yellow Bourbon,Natural / Dry,0.1000,1260.0000,fair
Brazil,south of minas,Yellow Bourbon,Natural / Dry,0.0000,1.0000,good
Brazil,south of minas,Yellow Bourbon,Natural / Dry,0.0000,1.0000,good
Brazil,south of minas,Yellow Bourbon,Natural / Dry,0.0000,1.0000,poor
Brazil,south of minas,Yellow Bourbon,Natural / Dry,0.0000,1.0000,good
Brazil,south of minas,Yellow Bourbon,Natural / Dry,0.0000,1.0000,fair
Brazil,south of minas,Yellow Bourbon,Natural / Dry,0.0800,12.0000,great
Brazil,south of minas,Yellow Bourbon,Natural / Dry,0.0100,12.0000,great
Brazil,south of minas,Yellow Bourbon,Natural / Dry,0.1000,1260.0000,great
Brazil,south of minas,Yellow Bourbon,Natural / Dry,0.0000,1.0000,good
Brazil,south of minas,Yellow Bourbon,Pulped natural / honey,0.1100,905.0000,good
Brazil,south of minas,Yellow Bourbon,Pulped natural / honey,0.1100,905.0000,fair
Brazil,south of minas,Yellow Bourbon,Pulped natural / honey,0.1100,905.0000,good
Brazil,south of minas,Yellow Bourbon,Semi-washed / Semi-pulped,0.1200,1250.0000,good
Brazil,south of minas,Yellow Bourbon,Semi-washed / Semi-pulped,0.1100,1260.0000,fair
Brazil,south of minas,Yellow Bourbon,Semi-washed / Semi-pulped,0.0000,1200.0000,fair
Brazil,south of minas,Yellow Bourbon,Washed / Wet,0.1200,1260.0000,fair
Brazil,vale da grama,Bourbon,Natural / Dry,0.1200,1300.0000,great
Brazil,vale da grama,Bourbon,Semi-washed / Semi-pulped,0.1200,1300.0000,great
Brazil,vale da grama,Yellow Bourbon,Natural / Dry,0.0000,1275.0000,great
Brazil,vale da grama,Yellow Bourbon,Semi-washed / Semi-pulped,0.1100,1250.0000,poor
Burundi,kayanza,Bourbon,Washed / Wet,0.0000,1880.0000,good
China,dehong prefecture,Catimor,Washed / Wet,0.1000,1600.0000,good
China,menglian,Catimor,Washed / Wet,0.1100,1500.0000,good
China,xishuangbanna prefecture,Catimor,Pulped natural / honey,0.1200,1580.0000,good
China,yunnan,Catimor,Natural / Dry,0.1000,1100.0000,fair
China,yunnan,Catimor,Natural / Dry,0.1000,1700.0000,great
China,yunnan,Catimor,Natural / Dry,0.1000,1400.0000,great
China,yunnan,Catimor,Washed / Wet,0.1000,1450.0000,great
China,yunnan,Catimor,Washed / Wet,0.1000,1680.0000,great
China,yunnan,Catimor,Washed / Wet,0.1000,1600.0000,fair
China,yunnan,Catimor,Washed / Wet,0.1000,1650.0000,good
China,yunnan,Catimor,Washed / Wet,0.1000,1100.0000,good
China,yunnan,Catimor,Washed / Wet,0.1100,1200.0000,good
China,yunnan,Other,Washed / Wet,0.0000,1100.0000,great
China,yunnan,Other,Washed / Wet,0.1700,1700.0000,poor
China,yunnan,Typica,Washed / Wet,0.0000,1850.0000,poor
China,yunnan,Typica,Washed / Wet,0.1000,1200.0000,poor
Colombia,antioquia,Caturra,Washed / Wet,0.1000,1300.0000,poor
Colombia,antioquia,Caturra,Washed / Wet,0.1000,1300.0000,poor
Colombia,antioquia,Other,Washed / Wet,0.1100,1450.0000,good
Colombia,cauca,Caturra,Washed / Wet,0.1100,1700.0000,fair
Colombia,cauca,Caturra,Washed / Wet,0.1100,1700.0000,great
Colombia,cauca,Other,Washed / Wet,0.1200,1800.0000,good
Colombia,cauca,Other,Washed / Wet,0.1200,1800.0000,good
Colombia,cundinamarca,Caturra,Natural / Dry,0.1100,2136.0000,great
Colombia,cundinamarca,Caturra,Natural / Dry,0.0000,1600.0000,good
Colombia,cundinamarca,Caturra,Natural / Dry,0.1100,2136.0000,good
Colombia,cundinamarca,Caturra,Washed / Wet,0.0000,1799.0000,good
Colombia,cundinamarca,Caturra,Washed / Wet,0.0000,1650.0000,good
Colombia,cundinamarca,Caturra,Washed / Wet,0.1100,1450.0000,good
Colombia,cundinamarca,Caturra,Washed / Wet,0.0000,1799.0000,good
Colombia,cundinamarca,Caturra,Washed / Wet,0.0000,1550.0000,fair
Colombia,eje cafetero,Caturra,Natural / Dry,0.0000,1483.0000,good
Colombia,guayata,Caturra,Washed / Wet,0.1100,1500.0000,good
Colombia,guayata,Caturra,Washed / Wet,0.1100,1600.0000,good
Colombia,guayata,Caturra,Washed / Wet,0.0000,1600.0000,fair
Colombia,huila,Caturra,Natural / Dry,0.1100,1750.0000,fair
Colombia,huila,Caturra,Natural / Dry,0.0000,442.0000,good
Colombia,huila,Caturra,Natural / Dry,0.1200,442.0000,good
Colombia,huila,Caturra,Natural / Dry,0.0000,442.0000,good
Colombia,huila,Caturra,Natural / Dry,0.0000,1750.0000,fair
Colombia,huila,Caturra,Natural / Dry,0.1100,442.0000,good
Colombia,huila,Caturra,Natural / Dry,0.1200,442.0000,good
Colombia,huila,Caturra,Natural / Dry,0.0000,442.0000,poor
Colombia,huila,Caturra,Natural / Dry,0.0000,442.0000,good
Colombia,huila,Caturra,Washed / Wet,0.1100,1775.0000,fair
Colombia,huila,Caturra,Washed / Wet,0.0000,1775.0000,good
Colombia,huila,Caturra,Washed / Wet,0.1100,1775.0000,good
Colombia,huila,Caturra,Washed / Wet,0.1100,1800.0000,good
Colombia,huila,Caturra,Washed / Wet,0.1100,1750.0000,poor
Colombia,huila,Caturra,Washed / Wet,0.1100,1750.0000,fair
Colombia,huila,Caturra,Washed / Wet,0.1100,1750.0000,fair
Colombia,huila,Caturra,Washed / Wet,0.1100,1775.0000,fair
Colombia,huila,Caturra,Washed / Wet,0.1100,1750.0000,fair
Colombia,huila,Caturra,Washed / Wet,0.1100,1775.0000,fair
Colombia,huila,Caturra,Washed / Wet,0.1100,1775.0000,fair
Colombia,huila,Caturra,Washed / Wet,0.0000,1750.0000,good
Colombia,huila,Caturra,Washed / Wet,0.0000,1750.0000,fair
Colombia,huila,Caturra,Washed / Wet,0.1200,1750.0000,fair
Colombia,huila,Caturra,Washed / Wet,0.1100,1775.0000,poor
Colombia,huila,Caturra,Washed / Wet,0.0000,1750.0000,poor
Colombia,huila,Caturra,Washed / Wet,0.0000,1750.0000,good
Colombia,huila,Caturra,Washed / Wet,0.1100,1900.0000,poor
Colombia,huila,Caturra,Washed / Wet,0.1100,1750.0000,good
Colombia,huila,Caturra,Washed / Wet,0.1100,442.0000,great
Colombia,huila,Caturra,Washed / Wet,0.0000,1775.0000,good
Colombia,huila,Caturra,Washed / Wet,0.0000,1750.0000,good
Colombia,huila,Caturra,Washed / Wet,0.1100,1750.0000,good
Colombia,huila,Caturra,Washed / Wet,0.1100,1625.0000,good
Colombia,huila,Caturra,Washed / Wet,0.0000,1900.0000,good
Colombia,huila,Caturra,Washed / Wet,0.1100,1750.0000,good
Colombia,huila,Caturra,Washed / Wet,0.1100,1750.0000,good
Colombia,huila,Caturra,Washed / Wet,0.1200,1775.0000,good
Colombia,huila,Caturra,Washed / Wet,0.1100,1775.0000,good
Colombia,huila,Caturra,Washed / Wet,0.1200,1775.0000,good
Colombia,huila,Caturra,Washed / Wet,0.1100,1850.0000,good
Colombia,huila,Caturra,Washed / Wet,0.0000,1750.0000,good
Colombia,huila,Caturra,Washed / Wet,0.1100,1750.0000,good
Colombia,huila,Caturra,Washed / Wet,0.1100,1775.0000,good
Colombia,huila,Caturra,Washed / Wet,0.0000,439.0000,good
Colombia,huila,Caturra,Washed / Wet,0.1100,442.0000,good
Colombia,huila,Caturra,Washed / Wet,0.1200,1813.0000,good
Colombia,huila,Caturra,Washed / Wet,0.0000,1650.0000,fair
Colombia,huila,Caturra,Washed / Wet,0.0000,1750.0000,good
Colombia,huila,Caturra,Washed / Wet,0.0000,1750.0000,good
Colombia,huila,Caturra,Washed / Wet,0.1100,1750.0000,fair
Colombia,huila,Caturra,Washed / Wet,0.1200,175.0000,good
Colombia,huila,Caturra,Washed / Wet,0.0000,1775.0000,fair
Colombia,huila,Caturra,Washed / Wet,0.1100,1775.0000,fair
Colombia,huila,Caturra,Washed / Wet,0.1100,1750.0000,good
Colombia,huila,Caturra,Washed / Wet,0.0000,1750.0000,fair
Colombia,huila,Caturra,Washed / Wet,0.1100,1775.0000,fair
Colombia,huila,Caturra,Washed / Wet,0.0000,1750.0000,fair
Colombia,huila,Caturra,Washed / Wet,0.1100,1775.0000,fair
Colombia,huila,Caturra,Washed / Wet,0.0000,1625.0000,good
Colombia,huila,Caturra,Washed / Wet,0.1100,1750.0000,good
Colombia,huila,Caturra,Washed / Wet,0.1100,1900.0000,fair
Colombia,huila,Caturra,Washed / Wet,0.0000,1775.0000,fair
Colombia,huila,Caturra,Washed / Wet,0.0000,1750.0000,fair
Colombia,huila,Caturra,Washed / Wet,0.0000,1750.0000,poor
Colombia,huila,Caturra,Washed / Wet,0.0000,1800.0000,great
Colombia,huila,Caturra,Washed / Wet,0.0000,1750.0000,great
Colombia,huila,Caturra,Washed / Wet,0.0000,1750.0000,great
Colombia,huila,Caturra,Washed / Wet,0.1200,1775.0000,great
Colombia,huila,Caturra,Washed / Wet,0.1100,1775.0000,great
Colombia,huila,Caturra,Washed / Wet,0.0000,1750.0000,great
Colombia,huila,Caturra,Washed / Wet,0.0000,1750.0000,good
Colombia,huila,Caturra,Washed / Wet,0.0000,1750.0000,great
Colombia,huila,Caturra,Washed / Wet,0.1100,1800.0000,good
Colombia,huila,Caturra,Washed / Wet,0.0000,1775.0000,good
Colombia,huila,Caturra,Washed / Wet,0.0000,1750.0000,good
Colombia,huila,Caturra,Washed / Wet,0.0000,1800.0000,good
Colombia,huila,Caturra,Washed / Wet,0.1100,1775.0000,good
Colombia,huila,Caturra,Washed / Wet,0.1200,1775.0000,good
Colombia,huila,Caturra,Washed / Wet,0.0000,1750.0000,good
Colombia,huila,Caturra,Washed / Wet,0.0000,1775.0000,fair
Colombia,huila,Caturra,Washed / Wet,0.0000,1750.0000,good
Colombia,huila,Caturra,Washed / Wet,0.0000,442.0000,fair
Colombia,huila,Caturra,Washed / Wet,0.0000,1775.0000,good
Colombia,huila,Caturra,Washed / Wet,0.1200,1775.0000,good
Colombia,huila,Caturra,Washed / Wet,0.0000,1775.0000,good
Colombia,huila,Other,Washed / Wet,0.1200,1530.0000,fair
Colombia,huila,Other,Washed / Wet,0.1100,1600.0000,good
Colombia,huila,Other,Washed / Wet,0.0000,1550.0000,fair
Colombia,huila,Other,Washed / Wet,0.0000,1600.0000,good
Colombia,huila,Typica,Washed / Wet,0.1200,165.0000,fair
Colombia,huila supremo,Caturra,Washed / Wet,0.0000,1750.0000,good
Colombia,la plata,Caturra,Washed / Wet,0.1100,1775.0000,good
Colombia,la plata,Caturra,Washed / Wet,0.1200,1775.0000,good
Colombia,nariño,Caturra,Natural / Dry,0.1100,2560.0000,good
Colombia,nariño,Caturra,Washed / Wet,0.0000,2527.0000,good
Colombia,pasto,Caturra,Natural / Dry,0.0000,2560.0000,great
Colombia,pereira,Caturra,Washed / Wet,0.0000,1200.0000,poor
Colombia,pitalito,Caturra,Natural / Dry,0.0000,1000.0000,good
Colombia,pitalito,Caturra,Natural / Dry,0.1100,1000.0000,good
Colombia,pitalito,Caturra,Natural / Dry,0.1100,1000.0000,good
Colombia,pitalito,Caturra,Natural / Dry,0.0000,1000.0000,good
Colombia,santander,Caturra,Natural / Dry,0.1200,1550.0000,great
Colombia,santander,Caturra,Natural / Dry,0.1200,1450.0000,fair
Colombia,santander,Caturra,Natural / Dry,0.1200,1550.0000,great
Colombia,santander,Caturra,Natural / Dry,0.0000,1550.0000,fair
Colombia,santander,Caturra,Washed / Wet,0.1200,1550.0000,good
Colombia,santander,Caturra,Washed / Wet,0.0000,1550.0000,good
Colombia,santander,Caturra,Washed / Wet,0.1100,1650.0000,good
Colombia,santander,Caturra,Washed / Wet,0.1100,1550.0000,great
Colombia,santander,Caturra,Washed / Wet,0.0000,1550.0000,great
Colombia,santander,Caturra,Washed / Wet,0.0000,1550.0000,good
Colombia,santander,Other,Washed / Wet,0.0000,1500.0000,good
Colombia,santander,Typica,Natural / Dry,0.0000,1800.0000,fair
Colombia,south huila,Caturra,Washed / Wet,0.0000,1625.0000,good
Colombia,tolima,Caturra,Washed / Wet,0.1200,1200.0000,great
Costa Rica,brunca,Catuai,Washed / Wet,0.1000,1100.0000,fair
Costa Rica,central valley,Catuai,Washed / Wet,0.1100,1300.0000,fair
Costa Rica,central valley,Catuai,Washed / Wet,0.1000,1300.0000,poor
Costa Rica,central valley,Catuai,Washed / Wet,0.1100,1300.0000,poor
Costa Rica,central valley,Catuai,Washed / Wet,0.1000,1300.0000,fair
Costa Rica,central valley,Catuai,Washed / Wet,0.1100,1200.0000,good
Costa Rica,central valley,Catuai,Washed / Wet,0.1000,1300.0000,poor
Costa Rica,central valley,Catuai,Washed / Wet,0.1100,1200.0000,good
Costa Rica,naranjo,Caturra,Washed / Wet,0.1300,1500.0000,poor
Costa Rica,occidental,Caturra,Washed / Wet,0.1200,1200.0000,poor
Costa Rica,occidental,Caturra,Washed / Wet,0.1200,1200.0000,poor
Costa Rica,occidental,Caturra,Washed / Wet,0.1100,1200.0000,poor
Costa Rica,san ramon,Caturra,Washed / Wet,0.1100,1300.0000,poor
Costa Rica,san ramon,Caturra,Washed / Wet,0.1100,1300.0000,great
Costa Rica,san ramon,Caturra,Washed / Wet,0.1000,1300.0000,good
Costa Rica,san ramon,Caturra,Washed / Wet,0.1200,1300.0000,good
Costa Rica,tarrazu,Catuai,Pulped natural / honey,0.1100,1900.0000,fair
Costa Rica,tarrazu,Catuai,Pulped natural / honey,0.0000,1900.0000,poor
Costa Rica,tarrazu,Catuai,Washed / Wet,0.0000,1550.0000,poor
Costa Rica,tarrazu,Catuai,Washed / Wet,0.1200,1900.0000,great
Costa Rica,tarrazu,Catuai,Washed / Wet,0.1000,1150.0000,good
Costa Rica,tarrazu,Caturra,Washed / Wet,0.1200,1750.0000,great
Costa Rica,tarrazu,Caturra,Washed / Wet,0.1100,1700.0000,great
Costa Rica,tarrazu,Caturra,Washed / Wet,0.1000,1300.0000,great
Costa Rica,tarrazu,Caturra,Washed / Wet,0.0900,1700.0000,good
Costa Rica,tarrazu,Caturra,Washed / Wet,0.0000,1850.0000,good
Costa Rica,tarrazu,Caturra,Washed / Wet,0.0000,1850.0000,good
Costa Rica,tarrazu,Caturra,Washed / Wet,0.1100,1850.0000,poor
Costa Rica,tarrazu,Caturra,Washed / Wet,0.1100,185.0000,fair
Costa Rica,tarrazu,Caturra,Washed / Wet,0.0000,1850.0000,fair
Costa Rica,tarrazu,Caturra,Washed / Wet,0.0900,1850.0000,fair
Costa Rica,tarrazu,Caturra,Washed / Wet,0.0900,1850.0000,fair
Costa Rica,tarrazu,Caturra,Washed / Wet,0.1000,1850.0000,fair
Costa Rica,tres rios,Bourbon,Semi-washed / Semi-pulped,0.1200,1575.0000,great
Costa Rica,tres rios,Caturra,Washed / Wet,0.0000,1300.0000,fair
Costa Rica,tres rios,Caturra,Washed / Wet,0.0900,1300.0000,fair
Costa Rica,tres rios,Caturra,Washed / Wet,0.1100,1300.0000,fair
Costa Rica,turrialba,Caturra,Washed / Wet,0.1200,13.0000,fair
Costa Rica,turrialba,Caturra,Washed / Wet,0.1100,13.0000,poor
Costa Rica,valle central,Caturra,Washed / Wet,0.1000,1200.0000,good
Costa Rica,west and central valley,Caturra,Washed / Wet,0.0000,1300.0000,great
Costa Rica,west valley,Catuai,Washed / Wet,0.1100,1200.0000,good
Costa Rica,west valley,Caturra,Washed / Wet,0.0000,1300.0000,great
El Salvador,apaneca,Bourbon,Natural / Dry,0.1100,1500.0000,great
El Salvador,apaneca,Bourbon,Washed / Wet,0.1000,1500.0000,great
El Salvador,apaneca,Bourbon,Washed / Wet,0.0000,1350.0000,great
El Salvador,apaneca,Bourbon,Washed / Wet,0.1200,1500.0000,good
El Salvador,apaneca,Bourbon,Washed / Wet,0.0000,1450.0000,poor
El Salvador,apaneca,Bourbon,Washed / Wet,0.1100,1330.0000,fair
El Salvador,apaneca,Bourbon,Washed / Wet,0.0000,1350.0000,fair
El Salvador,apaneca,Bourbon,Washed / Wet,0.0000,1350.0000,fair
El Salvador,"ataco, apaneca - ilamatepec mountain range",Bourbon,Semi-washed / Semi-pulped,0.1100,1350.0000,great
El Salvador,cacahuatique,Bourbon,Washed / Wet,0.0000,1250.0000,poor
El Salvador,cacahuatique,Bourbon,Washed / Wet,0.0000,1250.0000,good
El Salvador,"department of ahuachapan, municipality of apanecallamatepec mountain",Bourbon,Washed / Wet,0.0000,1450.0000,poor
El Salvador,"el balsamo, quezaltepec",Bourbon,Washed / Wet,0.1100,1250.0000,good
El Salvador,"el balsamo, quezaltepec",Pacas,Washed / Wet,0.0000,1250.0000,good
El Salvador,"el balsamo, quezaltepec",Pacas,Washed / Wet,0.0000,1200.0000,good
Ethiopia,"ethiopia, sidamo",Other,Natural / Dry,0.0900,1800.0000,great
Ethiopia,guji-hambela,Ethiopian Heirlooms,Washed / Wet,0.1200,2075.0000,great
Ethiopia,guji-hambela,Ethiopian Heirlooms,Washed / Wet,0.1200,2075.0000,great
Ethiopia,guji-hambela,Ethiopian Heirlooms,Washed / Wet,0.1200,2075.0000,great
Ethiopia,guji-hambela,Ethiopian Heirlooms,Washed / Wet,0.0000,2000.0000,good
Ethiopia,kafa,Gesha,Natural / Dry,0.1000,1822.5000,great
Ethiopia,kafa,Gesha,Natural / Dry,0.1000,1606.5000,great
Ethiopia,oromia,oromia,Natural / Dry,0.1100,2000.0000,great
Ethiopia,oromia,oromia,Natural / Dry,0.0300,1635.0000,great
Ethiopia,oromia,oromia,Natural / Dry,0.0300,1635.0000,great
Ethiopia,oromia,oromia,Natural / Dry,0.1000,1905.0000,great
Ethiopia,oromia,oromia,Natural / Dry,0.0500,1635.0000,great
Ethiopia,oromia,oromia,Natural / Dry,0.1000,1775.0000,great
Ethiopia,oromia,oromia,Natural / Dry,0.1200,1900.0000,great
Ethiopia,oromia,oromia,Natural / Dry,0.1200,1676.5000,good
Ethiopia,oromia,oromia,Natural / Dry,0.1000,1600.0000,good
Ethiopia,oromia,oromia,Washed / Wet,0.1000,1900.0000,great
Ethiopia,oromia,oromia,Washed / Wet,0.1000,1900.0000,great
Ethiopia,sidamo,Gesha,Natural / Dry,0.1100,1800.0000,good
Ethiopia,sidamo,yirgacheffe,Natural / Dry,0.0100,1750.0000,great
Ethiopia,sidamo,yirgacheffe,Natural / Dry,0.1000,1750.0000,great
Ethiopia,sidamo,yirgacheffe,Natural / Dry,0.1000,1750.0000,great
Ethiopia,sidamo,yirgacheffe,Natural / Dry,0.2000,1750.0000,good
Ethiopia,sidamo,yirgacheffe,Natural / Dry,0.0900,1550.0000,good
Ethiopia,yirgacheffe,yirgacheffe,Washed / Wet,0.1000,1900.0000,great
Ethiopia,yirgacheffe,yirgacheffe,Washed / Wet,0.0000,1850.0000,good
Guatemala,acatenango,Bourbon,Washed / Wet,0.1200,1524.0000,great
Guatemala,acatenango,Bourbon,Washed / Wet,0.1000,1600.0000,great
Guatemala,acatenango,Bourbon,Washed / Wet,0.1200,1524.0000,great
Guatemala,"aldea xeucalvitz, ixil region, quiche department",Bourbon,Washed / Wet,0.1000,1550.0000,good
Guatemala,antigua,Bourbon,Washed / Wet,0.1100,1500.0000,good
Guatemala,antigua,Bourbon,Washed / Wet,0.1100,1500.0000,good
Guatemala,antigua,Bourbon,Washed / Wet,0.1100,1500.0000,good
Guatemala,antigua,Bourbon,Washed / Wet,0.1000,1500.0000,good
Guatemala,antigua,Bourbon,Washed / Wet,0.1000,1500.0000,fair
Guatemala,antigua,Bourbon,Washed / Wet,0.1000,1500.0000,good
Guatemala,antigua,Bourbon,Washed / Wet,0.1100,1390.8024,fair
Guatemala,antigua,Bourbon,Washed / Wet,0.1100,1500.0000,fair
Guatemala,antigua,Caturra,Natural / Dry,0.1000,1500.0000,great
Guatemala,antigua,Caturra,Washed / Wet,0.1000,1500.0000,good
Guatemala,antigua,Caturra,Washed / Wet,0.1000,1500.0000,good
Guatemala,antigua,Caturra,Washed / Wet,0.1100,1500.0000,good
Guatemala,antigua,Caturra,Washed / Wet,0.1100,1500.0000,good
Guatemala,antigua,Caturra,Washed / Wet,0.1100,1500.0000,good
Guatemala,atitlan,Bourbon,Washed / Wet,0.0900,1500.0000,fair
Guatemala,atitlan,Caturra,Washed / Wet,0.1000,1400.0000,fair
Guatemala,atitlan,Caturra,Washed / Wet,0.1000,1400.0000,good
Guatemala,atitlan,Caturra,Washed / Wet,0.1000,1524.0000,fair
Guatemala,el progreso,Bourbon,Washed / Wet,0.1200,157.8864,good
Guatemala,el progreso,Bourbon,Washed / Wet,0.1200,157.8864,fair
Guatemala,"el tumbador, san marcos",Catuai,Washed / Wet,0.1100,1371.6000,good
Guatemala,huehuetenango,Bourbon,Natural / Dry,0.1100,1383.7920,fair
Guatemala,huehuetenango,Bourbon,Washed / Wet,0.1200,1859.2800,fair
Guatemala,huehuetenango,Bourbon,Washed / Wet,0.1000,1356.6648,fair
Guatemala,huehuetenango,Bourbon,Washed / Wet,0.1100,1706.8800,good
Guatemala,huehuetenango,Bourbon,Washed / Wet,0.1000,1676.4000,fair
Guatemala,huehuetenango,Bourbon,Washed / Wet,0.1100,1731.2640,great
Guatemala,huehuetenango,Caturra,Washed / Wet,0.0000,1400.0000,great
Guatemala,huehuetenango,Caturra,Washed / Wet,0.1000,1099.4136,great
Guatemala,huehuetenango,Caturra,Washed / Wet,0.1100,1116.7872,good
Guatemala,huehuetenango,Caturra,Washed / Wet,0.1200,1706.8800,great
Guatemala,huehuetenango,Caturra,Washed / Wet,0.1100,1128.3696,good
Guatemala,huehuetenango,Caturra,Washed / Wet,0.1200,1706.8800,poor
Guatemala,huehuetenango,Pacamara,Natural / Dry,0.1100,1770.0000,good
Guatemala,huehuetenango,Pacamara,Washed / Wet,0.0900,1700.0000,fair
Guatemala,jalapa,Bourbon,Washed / Wet,0.1100,1752.6000,good
Guatemala,jalapa,Bourbon,Washed / Wet,0.1100,1752.6000,fair
Guatemala,jalapa,Pacas,Washed / Wet,0.1300,1524.0000,fair
Guatemala,jalapa,Pacas,Washed / Wet,0.1200,1524.0000,good
Guatemala,jalapa,Pacas,Washed / Wet,0.1100,1524.0000,great
Guatemala,jalapa,Pacas,Washed / Wet,0.1200,1524.0000,fair
Guatemala,"la reforma, san marcos",Bourbon,Washed / Wet,0.1000,1371.6000,good
Guatemala,norte,Bourbon,Washed / Wet,0.1000,3280.0000,fair
Guatemala,norte,Bourbon,Washed / Wet,0.0900,3280.0000,poor
Guatemala,norte,Bourbon,Washed / Wet,0.1000,3280.0000,great
Guatemala,nuevo oriente,Catuai,Washed / Wet,0.1000,1417.3199,great
Guatemala,nuevo oriente,Catuai,Washed / Wet,0.1100,1550.0000,good
Guatemala,nuevo oriente,Catuai,Washed / Wet,0.1100,1550.0000,good
Guatemala,nuevo oriente,Catuai,Washed / Wet,0.1100,1550.0000,poor
Guatemala,nuevo oriente,Catuai,Washed / Wet,0.1000,1417.3199,poor
Guatemala,nuevo oriente,Pacas,Washed / Wet,0.1100,1450.0000,fair
Guatemala,nuevo oriente,Pacas,Washed / Wet,0.1100,2100.0000,good
Guatemala,occidente,Bourbon,Washed / Wet,0.1100,1320.0000,poor
Guatemala,orient,Caturra,Washed / Wet,0.1100,1200.0000,poor
Guatemala,oriente,Bourbon,Natural / Dry,0.1000,1219.2000,great
Guatemala,oriente,Bourbon,Natural / Dry,0.1000,1219.2000,good
Guatemala,oriente,Bourbon,other,0.1000,1219.2000,great
Guatemala,oriente,Bourbon,other,0.1000,1219.2000,great
Guatemala,oriente,Bourbon,Washed / Wet,0.1100,1310.6400,great
Guatemala,oriente,Bourbon,Washed / Wet,0.0900,1219.2000,great
Guatemala,oriente,Bourbon,Washed / Wet,0.1100,1310.6400,great
Guatemala,oriente,Bourbon,Washed / Wet,0.1100,1310.6400,good
Guatemala,oriente,Bourbon,Washed / Wet,0.1000,1219.2000,great
Guatemala,oriente,Bourbon,Washed / Wet,0.1100,1310.6400,great
Guatemala,oriente,Bourbon,Washed / Wet,0.1200,1310.6400,good
Guatemala,oriente,Bourbon,Washed / Wet,0.1100,1310.6400,good
Guatemala,oriente,Bourbon,Washed / Wet,0.1100,1310.6400,great
Guatemala,oriente,Bourbon,Washed / Wet,0.1000,1219.2000,good
Guatemala,oriente,Bourbon,Washed / Wet,0.0000,1402.0800,fair
Guatemala,oriente,Bourbon,Washed / Wet,0.1100,1310.6400,fair
Guatemala,oriente,Bourbon,Washed / Wet,0.1100,1310.6400,good
Guatemala,oriente,Bourbon,Washed / Wet,0.1100,1310.6400,good
Guatemala,oriente,Bourbon,Washed / Wet,0.1000,1901.0000,good
Guatemala,oriente,Bourbon,Washed / Wet,0.1200,1650.0000,good
Guatemala,oriente,Bourbon,Washed / Wet,0.1100,1310.6400,great
Guatemala,oriente,Bourbon,Washed / Wet,0.0000,1402.0800,fair
Guatemala,oriente,Bourbon,Washed / Wet,0.1000,157.8864,fair
Guatemala,oriente,Bourbon,Washed / Wet,0.1100,1310.6400,good
Guatemala,oriente,Bourbon,Washed / Wet,0.1200,1310.6400,poor
Guatemala,oriente,Bourbon,Washed / Wet,0.1200,1310.6400,poor
Guatemala,oriente,Bourbon,Washed / Wet,0.1100,1219.2000,poor
Guatemala,oriente,Bourbon,Washed / Wet,0.1000,1901.0000,good
Guatemala,oriente,Bourbon,Washed / Wet,0.1100,1310.6400,poor
Guatemala,oriente,Bourbon,Washed / Wet,0.1100,1219.2000,good
Guatemala,oriente,Bourbon,Washed / Wet,0.1100,1310.6400,good
Guatemala,oriente,Bourbon,Washed / Wet,0.1000,1219.2000,good
Guatemala,oriente,Bourbon,Washed / Wet,0.1000,1219.2000,fair
Guatemala,oriente,Bourbon,Washed / Wet,0.1000,1219.2000,fair
Guatemala,oriente,Bourbon,Washed / Wet,0.1200,1310.6400,fair
Guatemala,oriente,Bourbon,Washed / Wet,0.1100,1310.6400,good
Guatemala,oriente,Bourbon,Washed / Wet,0.1200,1310.6400,fair
Guatemala,oriente,Bourbon,Washed / Wet,0.1000,1310.6400,good
Guatemala,oriente,Bourbon,Washed / Wet,0.0000,1402.0800,poor
Guatemala,oriente,Bourbon,Washed / Wet,0.1000,1901.0000,fair
Guatemala,oriente,Bourbon,Washed / Wet,0.1100,1310.6400,poor
Guatemala,oriente,Bourbon,Washed / Wet,0.1100,1310.6400,poor
Guatemala,oriente,Bourbon,Washed / Wet,0.1000,1219.2000,fair
Guatemala,oriente,Bourbon,Washed / Wet,0.1100,1310.6400,poor
Guatemala,oriente,Bourbon,Washed / Wet,0.1000,1219.2000,poor
Guatemala,oriente,Bourbon,Washed / Wet,0.1200,1310.6400,poor
Guatemala,oriente,Bourbon,Washed / Wet,0.1100,1310.6400,poor
Guatemala,oriente,Bourbon,Washed / Wet,0.1100,1310.6400,poor
Guatemala,oriente,Bourbon,Washed / Wet,0.1100,1310.6400,poor
Guatemala,oriente,Bourbon,Washed / Wet,0.1100,1310.6400,poor
Guatemala,oriente,Bourbon,Washed / Wet,0.1100,1310.6400,poor
Guatemala,oriente,Bourbon,Washed / Wet,0.1100,1310.6400,good
Guatemala,oriente,Bourbon,Washed / Wet,0.1100,1310.6400,poor
Guatemala,oriente,Caturra,Natural / Dry,0.1100,1450.0000,great
Guatemala,oriente,Caturra,Washed / Wet,0.1100,1400.0000,poor
Guatemala,oriente,Caturra,Washed / Wet,0.1200,1450.0000,poor
Guatemala,oriente,Caturra,Washed / Wet,0.1200,1350.0000,good
Guatemala,oriente,Other,Washed / Wet,0.1000,1219.2000,poor
Guatemala,oriente,Other,Washed / Wet,0.1200,1219.2000,poor
Guatemala,oriente,Other,Washed / Wet,0.1200,1219.2000,poor
Guatemala,oriente,Other,Washed / Wet,0.1000,1219.2000,poor
Guatemala,oriente,Other,Washed / Wet,0.1000,1219.2000,poor
Guatemala,oriente,Other,Washed / Wet,0.1000,1219.2000,poor
Guatemala,oriente,Other,Washed / Wet,0.1200,1219.2000,fair
Guatemala,oriente,Other,Washed / Wet,0.1100,1219.2000,poor
Guatemala,quetzaltenango,Caturra,Washed / Wet,0.1100,1300.0000,good
Guatemala,"sacatepequez, guatemala",Caturra,Washed / Wet,0.1000,1524.0000,fair
Guatemala,"sacatepequez, guatemala",Caturra,Washed / Wet,0.1100,1524.0000,poor
Guatemala,"san lucas toliman, solola",Bourbon,Washed / Wet,0.1000,1550.0000,fair
Guatemala,"san lucas toliman, solola",Bourbon,Washed / Wet,0.1200,1550.0000,poor
Guatemala,san marcos,Bourbon,Washed / Wet,0.1100,1700.0000,fair
Guatemala,san marcos,Bourbon,Washed / Wet,0.1000,1700.0000,fair
Guatemala,san marcos,Bourbon,Washed / Wet,0.1000,1700.0000,good
Guatemala,san marcos,Bourbon,Washed / Wet,0.1300,1700.0000,great
Guatemala,san marcos,Bourbon,Washed / Wet,0.1100,1700.0000,good
Guatemala,san marcos,Bourbon,Washed / Wet,0.1100,1700.0000,good
Guatemala,san marcos,Bourbon,Washed / Wet,0.1000,1700.0000,fair
Guatemala,san marcos,Bourbon,Washed / Wet,0.1200,1700.0000,good
Guatemala,san marcos,Bourbon,Washed / Wet,0.1000,1700.0000,poor
Guatemala,san marcos,Bourbon,Washed / Wet,0.1000,1700.0000,good
Guatemala,san marcos,Catuai,Washed / Wet,0.1000,1371.6000,poor
Guatemala,san marcos,Catuai,Washed / Wet,0.0900,1524.0000,great
Guatemala,santa rosa,Bourbon,Washed / Wet,0.1200,1219.2000,poor
Guatemala,santa rosa,Bourbon,Washed / Wet,0.1000,1219.2000,good
Guatemala,santa rosa,Bourbon,Washed / Wet,0.1000,1219.2000,fair
Guatemala,santa rosa,Bourbon,Washed / Wet,0.1000,1219.2000,fair
Guatemala,santa rosa,Bourbon,Washed / Wet,0.1100,1219.2000,fair
Guatemala,santa rosa,Caturra,Washed / Wet,0.1000,1100.0000,good
Guatemala,santa rosa,Caturra,Washed / Wet,0.1100,1800.0000,good
Guatemala,santa rosa,Caturra,Washed / Wet,0.1000,1500.0000,poor
Guatemala,solola,Caturra,Washed / Wet,0.1000,1565.0000,great
Haiti,"department d'artibonite , haiti",Typica,Natural / Dry,0.1400,350.0000,poor
Haiti,"dondon, haiti",Blue Mountain,Washed / Wet,0.1100,825.0000,poor
Haiti,"dondon, haiti",Typica,Washed / Wet,0.1000,825.0000,poor
Haiti,haiti,Typica,Washed / Wet,0.1200,1000.0000,poor
Haiti,"thiotte, haiti",Typica,Washed / Wet,0.1100,1280.1600,fair
Honduras,central region,Catuai,Natural / Dry,0.1300,1450.0000,poor
Honduras,central region,Catuai,Natural / Dry,0.1300,1450.0000,poor
Honduras,central region,Catuai,Washed / Wet,0.1100,1500.0000,great
Honduras,comayagua,Caturra,Natural / Dry,0.1000,1350.0000,fair
Honduras,comayagua,Caturra,Natural / Dry,0.1100,1350.0000,good
Honduras,comayagua,Caturra,Natural / Dry,0.0900,1400.0000,fair
Honduras,comayagua,Caturra,Natural / Dry,0.1000,1350.0000,fair
Honduras,comayagua,Caturra,Natural / Dry,0.1000,1400.0000,poor
Honduras,comayagua,Caturra,Natural / Dry,0.1000,1400.0000,poor
Honduras,comayagua,Caturra,Washed / Wet,0.1000,1400.0000,fair
Honduras,comayagua,Caturra,Washed / Wet,0.1100,1500.0000,fair
Honduras,comayagua,Caturra,Washed / Wet,0.1000,1400.0000,fair
Honduras,comayagua,Caturra,Washed / Wet,0.1000,1500.0000,great
Honduras,comayagua,Caturra,Washed / Wet,0.1000,1400.0000,good
Honduras,comayagua,Caturra,Washed / Wet,0.1000,1396.0000,good
Honduras,comayagua,Caturra,Washed / Wet,0.1100,1500.0000,fair
Honduras,comayagua,Caturra,Washed / Wet,0.1200,1400.0000,fair
Honduras,"comayagua, honduras",Other,Washed / Wet,0.1200,1500.0000,good
Honduras,el paraíso,Caturra,Washed / Wet,0.1200,1600.0000,fair
Honduras,guinope el paraíso,Caturra,Natural / Dry,0.1000,1600.0000,fair
Honduras,intibuca,Pacas,Natural / Dry,0.1100,1350.0000,poor
Honduras,intibuca,Pacas,Natural / Dry,0.1100,1350.0000,poor
Honduras,intibuca,Pacas,Washed / Wet,0.1100,1350.0000,poor
Honduras,intibuca,Pacas,Washed / Wet,0.1100,1350.0000,poor
Honduras,marcala,Catuai,Washed / Wet,0.1100,1400.0000,poor
Honduras,marcala,Catuai,Washed / Wet,0.1000,1450.0000,poor
Honduras,marcala,Catuai,Washed / Wet,0.1000,1450.0000,poor
Honduras,marcala,Catuai,Washed / Wet,0.1000,1450.0000,poor
Honduras,marcala,Catuai,Washed / Wet,0.1100,1350.0000,fair
Honduras,marcala,Catuai,Washed / Wet,0.1100,1350.0000,fair
Honduras,marcala,Catuai,Washed / Wet,0.1200,1400.0000,fair
Honduras,marcala,Catuai,Washed / Wet,0.1100,1450.0000,fair
Honduras,marcala,Catuai,Washed / Wet,0.1200,1400.0000,poor
Honduras,marcala,Catuai,Washed / Wet,0.0900,1350.0000,fair
Honduras,marcala,Catuai,Washed / Wet,0.1200,1400.0000,poor
Honduras,marcala,Catuai,Washed / Wet,0.0900,1350.0000,poor
Honduras,marcala,Catuai,Washed / Wet,0.1100,1450.0000,good
Honduras,marcala,Catuai,Washed / Wet,0.1100,1450.0000,good
Honduras,occidental,Caturra,Washed / Wet,0.1100,1400.0000,poor
Honduras,occidental,Caturra,Washed / Wet,0.1100,1400.0000,poor
Honduras,ocotepeque,Catuai,Washed / Wet,0.1100,1650.0000,poor
Honduras,ocotepeque,Catuai,Washed / Wet,0.1100,1650.0000,poor
Honduras,san marcos,Catuai,Natural / Dry,0.1000,1450.0000,fair
Honduras,san marcos,Catuai,Washed / Wet,0.1200,1450.0000,poor
Honduras,san marcos,Caturra,Natural / Dry,0.1200,1350.0000,poor
Honduras,"siguatepeque, comayagua",Caturra,Natural / Dry,0.1100,1450.0000,poor
Honduras,western region,Catimor,Washed / Wet,0.1100,1200.0000,fair
Indonesia,aceh,Typica,Semi-washed / Semi-pulped,0.1300,1250.0000,good
Indonesia,aceh gayo,Bourbon,Washed / Wet,0.1500,1300.0000,fair
Indonesia,bali,Other,Washed / Wet,0.1100,1250.0000,good
Indonesia,bener meriah,Sumatra,Semi-washed / Semi-pulped,0.1300,1500.0000,good
Indonesia,east java,Typica,Washed / Wet,0.1200,1400.0000,good
Indonesia,ijen,Java,Washed / Wet,0.1300,1300.0000,poor
Indonesia,ijen,Other,Washed / Wet,0.1200,1400.0000,poor
Indonesia,indonesia,Other,Natural / Dry,0.1200,3500.0000,poor
Indonesia,lington nihuta,Typica,other,0.1100,1300.0000,fair
Indonesia,lintong,Sumatra Lintong,Semi-washed / Semi-pulped,0.1100,1325.0000,great
Indonesia,sapan toraja,Sulawesi,Wet Hulling,0.1200,1500.0000,good
Indonesia,sulawesi,Sulawesi,Wet Hulling,0.0300,1500.0000,great
Indonesia,sumatra brastagi,Mandheling,other,0.0000,1400.0000,good
Indonesia,sumatra brastagi,Mandheling,Semi-washed / Semi-pulped,0.1300,1350.0000,fair
Indonesia,"temanggung, indonesia",Java,Washed / Wet,0.1200,1200.0000,great
Kenya,blend,SL34,Washed / Wet,0.0000,1200.0000,great
Kenya,central kenya,SL28,Washed / Wet,0.0000,1650.0000,good
Kenya,central kenya,SL34,Washed / Wet,0.0000,1600.0000,great
Kenya,central kenya,SL34,Washed / Wet,0.0000,1200.0000,great
Kenya,central kenya,SL34,Washed / Wet,0.0000,1580.0000,great
Kenya,kenya,SL28,Washed / Wet,0.0800,250.5000,good
Kenya,kenya,SL28,Washed / Wet,0.1000,250.5000,good
Kenya,kiambu,SL28,Washed / Wet,0.1100,1600.0000,good
Kenya,kiambu,SL28,Washed / Wet,0.1100,1860.0000,great
Kenya,kiambu,SL34,Washed / Wet,0.1100,1500.0000,poor
Kenya,kirinyaga,SL28,Natural / Dry,0.1000,1900.0000,great
Kenya,meru county,SL28,Washed / Wet,0.1100,1700.0000,good
Kenya,muranga,SL34,Washed / Wet,0.1200,1800.0000,great
Kenya,nyeri,Peaberry,Washed / Wet,0.1000,1800.0000,great
Kenya,nyeri,SL28,Natural / Dry,0.1100,1754.0000,great
Kenya,nyeri,SL28,Washed / Wet,0.1100,2000.0000,great
Kenya,nyeri,SL28,Washed / Wet,0.1100,2000.0000,great
Kenya,nyeri,SL28,Washed / Wet,0.1100,1800.0000,good
Kenya,nyeri,SL28,Washed / Wet,0.1100,1800.0000,good
Kenya,nyeri,SL28,Washed / Wet,0.1000,1754.0000,good
Kenya,nyeri,SL34,Washed / Wet,0.1300,1800.0000,great
Kenya,nyeri,SL34,Washed / Wet,0.1100,1754.0000,good
Laos,lao p.d.r.,Other,Washed / Wet,0.1200,1250.0000,fair
Laos,"paksong,laos",Catimor,Washed / Wet,0.1300,1300.0000,good
Laos,"paksong,laos",Catimor,Washed / Wet,0.0000,1300.0000,poor
Malawi,kakoma,Gesha,Washed / Wet,0.1300,1556.0000,fair
Malawi,mzuzu,Gesha,Washed / Wet,0.1300,1100.0000,fair
Malawi,mzuzu,Gesha,Washed / Wet,0.1200,1599.0000,fair
Malawi,mzuzu,Gesha,Washed / Wet,0.1200,1422.0000,poor
Malawi,mzuzu,Gesha,Washed / Wet,0.1300,1200.0000,poor
Malawi,mzuzu,Gesha,Washed / Wet,0.1200,1442.0000,good
Malawi,mzuzu,Gesha,Washed / Wet,0.1200,1450.0000,good
Malawi,mzuzu,Gesha,Washed / Wet,0.1300,1180.0000,fair
Malawi,mzuzu,Gesha,Washed / Wet,0.1300,2500.0000,fair
Malawi,southern- zomba,Caturra,Washed / Wet,0.1200,995.0000,poor
Malawi,southern- zomba,Caturra,Washed / Wet,0.1200,995.0000,poor
Mexico,adolfo lopez mateos,Typica,Washed / Wet,0.0000,1100.0000,good
Mexico,altotonga,Typica,Washed / Wet,0.1200,1000.0000,good
Mexico,amatenango de la frontera,Typica,Washed / Wet,0.1400,12.0000,poor
Mexico,amatenango de la frontera,Typica,Washed / Wet,0.1200,1600.0000,fair
Mexico,atoyac de alvarez,Typica,Natural / Dry,0.1100,1100.0000,fair
Mexico,atoyac de alvarez,Typica,Natural / Dry,0.1200,1200.0000,great
Mexico,atoyac de alvarez,Typica,Semi-washed / Semi-pulped,0.1100,1200.0000,great
Mexico,"calnali, hidalgo",Bourbon,Washed / Wet,0.1600,533.0000,good
Mexico,"calnali, hidalgo",Caturra,Washed / Wet,0.1100,808.0000,poor
Mexico,canoas,Typica,Washed / Wet,0.1000,900.0000,fair
Mexico,"chapulhuacan, hidalgo",Typica,Semi-washed / Semi-pulped,0.1300,981.0000,fair
Mexico,chiapas,Bourbon,Washed / Wet,0.1200,1300.0000,fair
Mexico,chiapas,Bourbon,Washed / Wet,0.1200,1300.0000,good
Mexico,chiapas,Bourbon,Washed / Wet,0.1200,1300.0000,good
Mexico,chiapas,Bourbon,Washed / Wet,0.1200,1300.0000,poor
Mexico,chiapas,Bourbon,Washed / Wet,0.1300,1022.0000,poor
Mexico,chiapas,Bourbon,Washed / Wet,0.1200,1300.0000,poor
Mexico,chiapas,Catuai,Washed / Wet,0.1100,1425.0000,fair
Mexico,chiapas,Caturra,Washed / Wet,0.1200,1200.0000,good
Mexico,chiapas,Other,Washed / Wet,0.0000,1600.0000,good
Mexico,chiapas,Typica,Washed / Wet,0.1200,1550.0000,good
Mexico,chiapas,Typica,Washed / Wet,0.1200,1560.0000,fair
Mexico,chiapas,Typica,Washed / Wet,0.1100,1500.0000,good
Mexico,chiapas,Typica,Washed / Wet,0.1200,1700.0000,poor
Mexico,"chiapas, jaltenango",Caturra,Washed / Wet,0.1200,1200.0000,good
Mexico,"chiapas, jaltenango",Caturra,Washed / Wet,0.1200,1200.0000,good
Mexico,chilón,Typica,Semi-washed / Semi-pulped,0.1100,940.0000,poor
Mexico,chilón,Typica,Semi-washed / Semi-pulped,0.1100,940.0000,good
Mexico,"chocaman, veracruz",Typica,Washed / Wet,0.1400,1140.0000,poor
Mexico,coatepec,Bourbon,Washed / Wet,0.1100,1200.0000,good
Mexico,coatepec,Typica,Natural / Dry,0.1200,1250.0000,poor
Mexico,coatepec,Typica,Semi-washed / Semi-pulped,0.1100,1200.0000,great
Mexico,coatepec,Typica,Semi-washed / Semi-pulped,0.1200,1250.0000,poor
Mexico,coatepec,Typica,Washed / Wet,0.1100,1250.0000,poor
Mexico,coatepec,Typica,Washed / Wet,0.1200,1250.0000,poor
Mexico,coatepec,Typica,Washed / Wet,0.1300,1300.0000,poor
Mexico,coatepec,Typica,Washed / Wet,0.1300,1100.0000,poor
Mexico,coatepec,Typica,Washed / Wet,0.1200,1250.0000,poor
Mexico,coatepec,Typica,Washed / Wet,0.1200,1250.0000,poor
Mexico,coatepec,Typica,Washed / Wet,0.1100,750.0000,good
Mexico,coatepec,Typica,Washed / Wet,0.1400,1300.0000,good
Mexico,coatepec,Typica,Washed / Wet,0.1300,1300.0000,good
Mexico,coatepec,Typica,Washed / Wet,0.1100,1250.0000,fair
Mexico,"coatepec, coatepec",Mundo Novo,Washed / Wet,0.0000,1264.0000,poor
Mexico,"coatepec, coatepec",Typica,Washed / Wet,0.1200,1100.0000,poor
Mexico,"coatepec, coatepec",Typica,Washed / Wet,0.1300,1100.0000,fair
Mexico,cofradia de suchitlan,Typica,Washed / Wet,0.1000,1300.0000,good
Mexico,colima,Typica,Washed / Wet,0.1200,1150.0000,good
Mexico,colima,Typica,Washed / Wet,0.1000,1200.0000,good
Mexico,cordoba,Typica,Washed / Wet,0.1100,1050.0000,poor
Mexico,coscomatepec,Typica,Washed / Wet,0.1200,940.0000,poor
Mexico,cuarenteño,Typica,Natural / Dry,0.1200,1261.0000,good
Mexico,cuarenteño,Typica,Natural / Dry,0.1300,1059.0000,good
Mexico,"el desmoronado, talpan de allende jalisco",Typica,Washed / Wet,0.1200,1200.0000,poor
Mexico,el remudadero,Typica,Washed / Wet,0.1300,1200.0000,good
Mexico,escuitla,Typica,Washed / Wet,0.1400,1300.0000,poor
Mexico,fln mirador,Typica,Washed / Wet,0.1200,1450.0000,fair
Mexico,fortín de las flores,Bourbon,Washed / Wet,0.1200,1000.0000,fair
Mexico,fortín de las flores,Caturra,Washed / Wet,0.1200,1000.0000,good
Mexico,huautla de jimenez,Typica,Washed / Wet,0.1300,1280.0000,poor
Mexico,"huazalingo, hidalgo",Caturra,Natural / Dry,0.1300,700.0000,good
Mexico,"huazalingo, hidalgo",Caturra,Washed / Wet,0.1300,763.0000,poor
Mexico,"huazalingo, hidalgo",Mundo Novo,Washed / Wet,0.1400,690.0000,fair
Mexico,hustusco,Typica,Washed / Wet,0.1200,1350.0000,great
Mexico,"iliatenco, guerrero",Mundo Novo,Natural / Dry,0.1200,1300.0000,poor
Mexico,ixhuatlan del cafe,Typica,Washed / Wet,0.1300,1186.0000,poor
Mexico,jaltenango,Catuai,Washed / Wet,0.1100,1100.0000,poor
Mexico,jaltenango,Typica,Washed / Wet,0.1100,1500.0000,great
Mexico,"jaltocan, hidalgo",Typica,Natural / Dry,0.1500,441.0000,good
Mexico,juchique de ferrer,Bourbon,Washed / Wet,0.1100,900.0000,poor
Mexico,juquila,Typica,Washed / Wet,0.1200,1250.0000,good
Mexico,la concordia,Bourbon,Washed / Wet,0.1000,1400.0000,great
Mexico,la concordia,Bourbon,Washed / Wet,0.1100,1400.0000,fair
Mexico,la concordia,Caturra,Washed / Wet,0.1200,1550.0000,fair
Mexico,la concordia,Caturra,Washed / Wet,0.1200,1550.0000,poor
Mexico,la concordia,Caturra,Washed / Wet,0.1200,1550.0000,good
Mexico,la concordia,Caturra,Washed / Wet,0.1300,1550.0000,poor
Mexico,la concordia,Caturra,Washed / Wet,0.1200,1550.0000,poor
Mexico,la concordia,Marigojipe,Natural / Dry,0.1100,1600.0000,fair
Mexico,la concordia,Other,Washed / Wet,0.1000,1400.0000,fair
Mexico,la concordia,Pacas,Natural / Dry,0.1100,1300.0000,good
Mexico,la concordia,Typica,Natural / Dry,0.1100,1650.0000,good
Mexico,la concordia,Typica,Semi-washed / Semi-pulped,0.1100,1650.0000,fair
Mexico,la concordia,Typica,Washed / Wet,0.1100,1380.0000,good
Mexico,la concordia,Typica,Washed / Wet,0.1200,1300.0000,fair
Mexico,la concordia,Typica,Washed / Wet,0.1200,1650.0000,fair
Mexico,la concordia,Typica,Washed / Wet,0.1200,1400.0000,fair
Mexico,la concordia,Typica,Washed / Wet,0.1200,1400.0000,fair
Mexico,la concordia,Typica,Washed / Wet,0.1300,1150.0000,poor
Mexico,la concordia,Typica,Washed / Wet,0.1100,1380.0000,good
Mexico,la concordia,Typica,Washed / Wet,0.1200,1400.0000,poor
Mexico,la concordia,Typica,Washed / Wet,0.1200,1400.0000,poor
Mexico,la concordia,Typica,Washed / Wet,0.1200,1300.0000,poor
Mexico,la concordia,Typica,Washed / Wet,0.1100,1500.0000,good
Mexico,la cumbre,Typica,Washed / Wet,0.1400,1400.0000,great
Mexico,la yerba,Typica,Natural / Dry,0.1100,1296.0000,good
Mexico,la yerba,Typica,Washed / Wet,0.1100,1296.0000,fair
Mexico,la yerbabuena,Typica,Washed / Wet,0.0000,1400.0000,great
Mexico,los angeles,Caturra,Washed / Wet,0.1300,1200.0000,poor
Mexico,mahuixtlan,Typica,Washed / Wet,0.1200,950.0000,good
Mexico,manzanillo,Typica,Semi-washed / Semi-pulped,0.1100,1000.0000,fair
Mexico,menglian,Typica,Washed / Wet,0.1400,850.0000,poor
Mexico,motozintla,Catuai,Semi-washed / Semi-pulped,0.1300,1210.0000,poor
Mexico,motozintla,Other,Washed / Wet,0.1200,950.0000,poor
Mexico,motozintla,Other,Washed / Wet,0.1200,1100.0000,poor
Mexico,motozintla,Other,Washed / Wet,0.1200,850.0000,poor
Mexico,motozintla,Other,Washed / Wet,0.1200,1200.0000,poor
Mexico,motozintla,Typica,Washed / Wet,0.1200,1500.0000,fair
Mexico,oaxaca,Typica,Washed / Wet,0.1100,1100.0000,fair
Mexico,oaxaca,Typica,Washed / Wet,0.1100,1100.0000,poor
Mexico,oaxaca,Typica,Washed / Wet,0.1100,1200.0000,poor
Mexico,oaxaca,Typica,Washed / Wet,0.1000,1250.0000,good
Mexico,ocosingo,Mundo Novo,Washed / Wet,0.1100,1200.0000,poor
Mexico,"ohuapan, tlaltetela",Bourbon,Washed / Wet,0.1200,1350.0000,poor
Mexico,petatlan,Bourbon,Natural / Dry,0.1000,1218.0000,great
Mexico,petatlan,Typica,Natural / Dry,0.1000,1248.0000,good
Mexico,petatlan,Typica,Washed / Wet,0.1100,1248.0000,poor
Mexico,pochutla,Typica,Washed / Wet,0.1000,1050.0000,poor
Mexico,pochutla,Typica,Washed / Wet,0.1000,1050.0000,poor
Mexico,progreso santa rosa teocelo,Bourbon,Washed / Wet,0.1300,1250.0000,good
Mexico,"sacún palma, municipio de chilón, chiapas",Caturra,Semi-washed / Semi-pulped,0.1100,940.0000,good
Mexico,san bartolo tutotepec,Pacamara,Washed / Wet,0.1400,1089.0000,good
Mexico,san bartolo tutotepec,Typica,Washed / Wet,0.1300,1679.0000,good
Mexico,san bartolo tutotepec,Typica,Washed / Wet,0.1500,1144.0000,good
Mexico,san fernando,Typica,Washed / Wet,0.1300,1650.0000,fair
Mexico,san isidro,Typica,Washed / Wet,0.1300,700.0000,fair
Mexico,san miguel del puerto,Other,Washed / Wet,0.1100,1100.0000,poor
Mexico,san pedro cotzilnam,Typica,Semi-washed / Semi-pulped,0.1300,1400.0000,good
Mexico,san pedro cotzilnam,Typica,Semi-washed / Semi-pulped,0.1200,1450.0000,great
Mexico,santa catarina juquila,Other,Washed / Wet,0.1000,1400.0000,good
Mexico,santa catarina juquila,Typica,Washed / Wet,0.1100,1300.0000,good
Mexico,santa maria sitepec,Typica,Washed / Wet,0.1100,1642.0000,poor
Mexico,santo domingo cacalotepec,Typica,Washed / Wet,0.1100,1480.0000,good
Mexico,santo reyes nopala,Typica,Washed / Wet,0.1200,1300.0000,poor
Mexico,sierra alta mixe y zapoteca,Typica,Washed / Wet,0.0000,1200.0000,poor
Mexico,"sierra fraylesca, chiapas",Typica,Washed / Wet,0.0000,1400.0000,good
Mexico,sierra madre occidental,Caturra,Washed / Wet,0.1000,1600.0000,poor
Mexico,sierra madre occidental,Typica,Washed / Wet,0.1100,1600.0000,great
Mexico,"sierra norte yajalon, chiapas",Typica,Washed / Wet,0.1200,1000.0000,poor
Mexico,"sierra, chiapas",Bourbon,Washed / Wet,0.0000,1600.0000,poor
Mexico,siltepec el triunfo,Typica,Washed / Wet,0.0000,1550.0000,poor
Mexico,"siltepec el triunfo, chiapas, mexico",Typica,Washed / Wet,0.1100,1550.0000,fair
Mexico,talpa de allende,Typica,Washed / Wet,0.1000,1200.0000,poor
Mexico,talpa de allende,Typica,Washed / Wet,0.1000,1200.0000,poor
Mexico,tapachula,Bourbon,Washed / Wet,0.1300,1250.0000,fair
Mexico,tapachula,Pacamara,Washed / Wet,0.1200,900.0000,great
Mexico,tapachula,Typica,Natural / Dry,0.1300,1800.0000,poor
Mexico,tapachula,Typica,Washed / Wet,0.1300,1800.0000,fair
Mexico,tapachula,Typica,Washed / Wet,0.1300,1800.0000,fair
Mexico,tapachula,Typica,Washed / Wet,0.1300,1400.0000,poor
Mexico,temaxcalapa,Catuai,Washed / Wet,0.1200,1100.0000,poor
Mexico,"tenango de doria, hidalgo",Bourbon,Washed / Wet,0.1300,774.0000,fair
Mexico,"tenango de doria, hidalgo",Caturra,Washed / Wet,0.1300,975.0000,poor
Mexico,tepetzingo,Typica,Washed / Wet,0.1200,1250.0000,poor
Mexico,tepictla,Bourbon,Washed / Wet,0.1200,1250.0000,poor
Mexico,tepictla,Mundo Novo,Washed / Wet,0.1300,1250.0000,fair
Mexico,tlacuilotepec,Mundo Novo,Washed / Wet,0.1100,1100.0000,poor
Mexico,tlacuilotepec,Pacamara,Washed / Wet,0.1100,1100.0000,poor
Mexico,"tlanchinol, hidalgo",Typica,Washed / Wet,0.1200,532.0000,good
Mexico,tlatlauquitepec,Mundo Novo,Washed / Wet,0.1200,800.0000,poor
Mexico,totutla,Pacamara,Washed / Wet,0.1200,1400.0000,good
Mexico,tuxtla gutierrez,Typica,Washed / Wet,0.1200,1100.0000,poor
Mexico,tuxtla gutierrez,Typica,Washed / Wet,0.1200,1700.0000,good
Mexico,tuxtla gutierrez,Typica,Washed / Wet,0.1300,1650.0000,good
Mexico,veracruz,Bourbon,Washed / Wet,0.1200,1500.0000,poor
Mexico,veracruz,Bourbon,Washed / Wet,0.1100,1200.0000,fair
Mexico,veracruz,Bourbon,Washed / Wet,0.1100,1100.0000,poor
Mexico,veracruz,Bourbon,Washed / Wet,0.1300,100.0000,poor
Mexico,veracruz,Bourbon,Washed / Wet,0.1200,1170.0000,great
Mexico,veracruz,Bourbon,Washed / Wet,0.1200,1000.0000,poor
Mexico,veracruz,Bourbon,Washed / Wet,0.0000,1100.0000,poor
Mexico,veracruz,Bourbon,Washed / Wet,0.1300,1000.0000,poor
Mexico,veracruz,Bourbon,Washed / Wet,0.1100,1800.0000,poor
Mexico,veracruz,Bourbon,Washed / Wet,0.1200,1250.0000,good
Mexico,veracruz,Bourbon,Washed / Wet,0.1200,1170.0000,good
Mexico,veracruz,Bourbon,Washed / Wet,0.1300,1170.0000,good
Mexico,veracruz,Bourbon,Washed / Wet,0.1300,1170.0000,good
Mexico,veracruz,Mundo Novo,Washed / Wet,0.1200,1338.0000,good
Mexico,veracruz,Mundo Novo,Washed / Wet,0.1100,1300.0000,great
Mexico,veracruz,Mundo Novo,Washed / Wet,0.1200,1100.0000,poor
Mexico,veracruz,Mundo Novo,Washed / Wet,0.1100,1250.0000,poor
Mexico,veracruz,Other,Washed / Wet,0.1200,1100.0000,good
Mexico,veracruz,Other,Washed / Wet,0.1200,1100.0000,poor
Mexico,veracruz,Other,Washed / Wet,0.1200,1650.0000,good
Mexico,veracruz,Pacamara,Washed / Wet,0.1400,1350.0000,good
Mexico,veracruz,Typica,Semi-washed / Semi-pulped,0.1400,1250.0000,poor
Mexico,veracruz,Typica,Washed / Wet,0.1200,1300.0000,poor
Mexico,veracruz,Typica,Washed / Wet,0.1400,1320.0000,poor
Mexico,veracruz,Typica,Washed / Wet,0.1200,1200.0000,good
Mexico,veracruz,Typica,Washed / Wet,0.1100,1100.0000,good
Mexico,veracruz,Typica,Washed / Wet,0.1100,1250.0000,fair
Mexico,veracruz,Typica,Washed / Wet,0.0900,1300.0000,great
Mexico,veracruz,Typica,Washed / Wet,0.1200,1000.0000,poor
Mexico,villa talea de castro,Typica,Washed / Wet,0.1200,1400.0000,poor
Mexico,xalapa,Bourbon,Natural / Dry,0.1300,1170.0000,good
Mexico,xalapa,Caturra,Washed / Wet,0.1300,1170.0000,poor
Mexico,xalapa,Other,Washed / Wet,0.1300,1320.0000,great
Mexico,xalapa,Typica,Washed / Wet,0.1200,1000.0000,good
Mexico,xalapa,Typica,Washed / Wet,0.1300,1200.0000,poor
Mexico,xicotepec de juarez,Caturra,Washed / Wet,0.1100,1150.0000,poor
Mexico,xicotepec de juarez,Typica,Washed / Wet,0.1200,1100.0000,fair
Mexico,xicotepec de juarez,Typica,Washed / Wet,0.1200,900.0000,good
Mexico,xicotepec de juarez,Typica,Washed / Wet,0.1300,800.0000,poor
Mexico,"xochitonalco, huautla        ",Typica,Natural / Dry,0.1300,1300.0000,poor
Mexico,yajalon,Bourbon,Washed / Wet,0.1100,1400.0000,poor
Mexico,yajalon,Typica,Washed / Wet,0.1400,1450.0000,poor
Mexico,yecuatla,Caturra,Washed / Wet,0.1300,1150.0000,poor
Mexico,zapotitlan de mendez,Typica,Washed / Wet,0.1200,1100.0000,fair
Mexico,zaragoza itundujia,Bourbon,Washed / Wet,0.1400,1450.0000,poor
Mexico,zaragoza itundujia,Typica,Semi-washed / Semi-pulped,0.1400,1550.0000,poor
Mexico,zaragoza itundujia,Typica,Washed / Wet,0.1400,1550.0000,fair
Mexico,zaragoza itundujia,Typica,Washed / Wet,0.1500,1300.0000,poor
Mexico,zaragoza itundujia,Typica,Washed / Wet,0.1400,1550.0000,poor
Mexico,zaragoza itundujia,Typica,Washed / Wet,0.1600,1500.0000,poor
Mexico,zaragoza itundujia,Typica,Washed / Wet,0.1600,1400.0000,poor
Mexico,zaragoza itundujia,Typica,Washed / Wet,0.1400,1500.0000,poor
Mexico,zaragoza itundujia,Typica,Washed / Wet,0.1500,1500.0000,poor
Mexico,zaragoza itundujia,Typica,Washed / Wet,0.1600,1400.0000,poor
Mexico,zaragoza itundujia,Typica,Washed / Wet,0.1700,1500.0000,poor
Mexico,zaragoza itundujia,Typica,Washed / Wet,0.1500,1450.0000,poor
Mexico,zentla,Typica,Washed / Wet,0.1400,950.0000,poor
Mexico,zentla,Typica,Washed / Wet,0.1400,750.0000,poor
Mexico,zihuatanejo de azueta,Typica,Washed / Wet,0.1100,1300.0000,good
Myanmar,"doe kwin, pyin oo lwin",Other,Washed / Wet,0.0000,3845.0000,poor
Myanmar,pyin oo lwin,Other,Washed / Wet,0.0000,3800.0000,poor
Myanmar,"yauk sauk, shan state",Other,Natural / Dry,0.1100,914.4000,poor
Myanmar,ywar ngan,Catuai,Natural / Dry,0.0000,4287.0000,poor
Myanmar,ywar ngan,Catuai,Washed / Wet,0.0000,4001.0000,good
Myanmar,ywar ngan,Catuai,Washed / Wet,0.0000,1219.2000,fair
Myanmar,ywar ngan,Catuai,Washed / Wet,0.0000,3825.0000,fair
Nicaragua,jalapa,Caturra,other,0.1100,1100.0000,fair
Nicaragua,jalapa,Caturra,other,0.1000,1100.0000,poor
Nicaragua,jalapa,Caturra,other,0.1300,1100.0000,poor
Nicaragua,jinotega,Catuai,Washed / Wet,0.1000,1100.0000,fair
Nicaragua,jinotega,Caturra,Natural / Dry,0.1200,1050.0000,poor
Nicaragua,jinotega,Caturra,Natural / Dry,0.1200,1000.0000,great
Nicaragua,jinotega,Caturra,Washed / Wet,0.1000,1250.0000,good
Nicaragua,jinotega,Caturra,Washed / Wet,0.1100,1187.5000,poor
Nicaragua,jinotega,Caturra,Washed / Wet,0.1000,1250.0000,poor
Nicaragua,jinotega,Caturra,Washed / Wet,0.1100,1250.0000,poor
Nicaragua,jinotega,Other,Washed / Wet,0.1100,1100.0000,poor
Nicaragua,matagalpa,Caturra,Washed / Wet,0.1000,1050.0000,poor
Nicaragua,matagalpa,Caturra,Washed / Wet,0.1100,900.0000,poor
Panama,boquete,Catuai,Washed / Wet,0.0000,1100.0000,fair
Panama,boquete,Caturra,Natural / Dry,0.0900,1680.0000,good
Panama,boquete,Caturra,other,0.1100,1680.0000,poor
Panama,boquete,Gesha,Washed / Wet,0.0800,1600.0000,great
Peru,san ignacio,Caturra,Washed / Wet,0.0000,1200.0000,good
Peru,san ignacio,Typica,Washed / Wet,0.0000,1400.0000,poor
Philippines,asia pacific,Other,Washed / Wet,0.0000,1600.0000,fair
Philippines,"bukidnon, mindanao, philppines",Other,Washed / Wet,0.1100,1200.0000,good
Philippines,corillera administrative,Typica,Natural / Dry,0.0000,1200.0000,poor
Philippines,"davao city, region 11",Other,Washed / Wet,0.1400,1400.0000,poor
Rwanda,gicumbi,Bourbon,Washed / Wet,0.1100,1900.0000,great
Taiwan,changhua baguashan,Typica,Semi-washed / Semi-pulped,0.1100,200.0000,fair
Taiwan,changhua baguashan,Typica,Semi-washed / Semi-pulped,0.1100,150.0000,fair
Taiwan,changhua baguashan,Typica,Semi-washed / Semi-pulped,0.1100,250.0000,poor
Taiwan,changhua baguashan,Typica,Washed / Wet,0.1100,150.0000,poor
Taiwan,changhua baguashan,Typica,Washed / Wet,0.1100,250.0000,poor
Taiwan,chiayi,Typica,other,0.1100,1300.0000,good
Taiwan,chiayi,Typica,Semi-washed / Semi-pulped,0.1100,700.0000,poor
Taiwan,chiayi,Typica,Washed / Wet,0.1100,1240.0000,fair
Taiwan,leye,Caturra,Natural / Dry,0.1000,1200.0000,good
Taiwan,leye,Sumatra,Pulped natural / honey,0.0000,1200.0000,great
Taiwan,leye,Typica,Washed / Wet,0.1100,1200.0000,good
Taiwan,"mountain ali, taiwan",Typica,Washed / Wet,0.1100,1200.0000,great
Taiwan,nantou,Typica,Natural / Dry,0.0000,700.0000,poor
Taiwan,nantou,Typica,other,0.1100,688.0000,poor
Taiwan,nantou,Typica,Semi-washed / Semi-pulped,0.1100,650.0000,fair
Taiwan,nantou,Typica,Semi-washed / Semi-pulped,0.1100,1100.0000,poor
Taiwan,nantou,Typica,Washed / Wet,0.1100,750.0000,fair
Taiwan,nantou,Typica,Washed / Wet,0.1100,600.0000,poor
Taiwan,nantou,Typica,Washed / Wet,0.1100,650.0000,fair
Taiwan,natou county,Bourbon,Semi-washed / Semi-pulped,0.1200,1000.0000,great
Taiwan,natou county,Bourbon,Washed / Wet,0.1000,1000.0000,fair
Taiwan,natou county,Typica,Semi-washed / Semi-pulped,0.1100,800.0000,great
Taiwan,natou county,Typica,Semi-washed / Semi-pulped,0.0000,850.0000,poor
Taiwan,natou county,Typica,Washed / Wet,0.1000,800.0000,fair
Taiwan,natou county,Typica,Washed / Wet,0.1100,900.0000,poor
Taiwan,natou county,Typica,Washed / Wet,0.1100,850.0000,poor
Taiwan,taichung taiping,Typica,Washed / Wet,0.1100,900.0000,poor
Taiwan,taichung xinshe,Typica,other,0.1100,600.0000,fair
Taiwan,taichung xinshe,Typica,other,0.1100,1000.0000,good
Taiwan,taichung xinshe,Typica,other,0.1100,1000.0000,fair
Taiwan,taichung xinshe,Typica,Washed / Wet,0.1100,600.0000,fair
Taiwan,taichung xinshe,Typica,Washed / Wet,0.1100,1000.0000,great
Taiwan,taichung xinshe,Yellow Bourbon,other,0.1100,600.0000,poor
Taiwan,tainan city,Caturra,Natural / Dry,0.0900,350.0000,great
Taiwan,tainan city,Typica,Natural / Dry,0.0000,750.0000,good
Taiwan,tainan city,Typica,Natural / Dry,0.0000,750.0000,great
Taiwan,tainan city,Typica,Natural / Dry,0.1200,680.0000,good
Taiwan,tainan city,Typica,Natural / Dry,0.0000,350.0000,good
Taiwan,tainan city,Typica,Washed / Wet,0.1000,968.0000,good
Taiwan,tainan city,Typica,Washed / Wet,0.0000,525.0000,good
Taiwan,tainan city,Typica,Washed / Wet,0.0000,700.0000,poor
Taiwan,tainan city,Typica,Washed / Wet,0.1200,758.0000,poor
Taiwan,tainan city,Typica,Washed / Wet,0.0000,800.0000,fair
Taiwan,tainan city,Typica,Washed / Wet,0.0900,600.0000,fair
Taiwan,tainan city,Typica,Washed / Wet,0.1200,650.0000,good
Taiwan,tainan city,Typica,Washed / Wet,0.1000,600.0000,poor
Taiwan,tainan city,Typica,Washed / Wet,0.1000,800.0000,poor
Taiwan,tainan city,Typica,Washed / Wet,0.1100,775.0000,poor
Taiwan,tainan city,Yellow Bourbon,Natural / Dry,0.0000,650.0000,good
Taiwan,tainan city,Yellow Bourbon,Washed / Wet,0.0000,650.0000,poor
Taiwan,taiwan,Other,Natural / Dry,0.0000,50.0000,poor
Taiwan,taiwan,Other,Washed / Wet,0.0000,200.0000,poor
Tanzania,arusha,Arusha,Washed / Wet,0.1100,1400.0000,fair
Tanzania,arusha,Other,Semi-washed / Semi-pulped,0.1200,1700.0000,good
Tanzania,arusha,Other,Washed / Wet,0.1300,1400.0000,good
Tanzania,arusha,Other,Washed / Wet,0.1200,1525.0000,poor
Tanzania,arusha,Other,Washed / Wet,0.1200,1400.0000,poor
Tanzania,arusha meru,Ruiru 11,Washed / Wet,0.1300,2285.0000,poor
Tanzania,ikand village,Other,Washed / Wet,0.1200,1317.0000,fair
Tanzania,"ilomba vilage, mbozi",Other,Washed / Wet,0.1200,1700.0000,fair
Tanzania,"ilomba vilage, mbozi",Other,Washed / Wet,0.1200,1700.0000,poor
Tanzania,"iwala village, mbeya rural",Other,Washed / Wet,0.1300,1456.0000,poor
Tanzania,karatu arusha,Other,Washed / Wet,0.1200,1700.0000,fair
Tanzania,karatu arusha,Other,Washed / Wet,0.1200,1600.0000,fair
Tanzania,karatu ngorogoro,Other,Washed / Wet,0.1300,1700.0000,poor
Tanzania,karatu northern,Bourbon,Washed / Wet,0.1300,1600.0000,good
Tanzania,kilimanjaro,Bourbon,Washed / Wet,0.1200,1800.0000,fair
Tanzania,kilimanjaro,Bourbon,Washed / Wet,0.1200,1500.0000,poor
Tanzania,kilimanjaro,Other,Washed / Wet,0.1300,1650.0000,poor
Tanzania,"manyara, karatu",Other,Washed / Wet,0.1200,1700.0000,poor
Tanzania,mbeya,Other,Washed / Wet,0.1200,1877.0000,poor
Tanzania,mbeya,Other,Washed / Wet,0.1200,1620.0000,great
Tanzania,mbeya,Other,Washed / Wet,0.1200,1600.0000,good
Tanzania,mbinga,Bourbon,Washed / Wet,0.1200,1550.0000,poor
Tanzania,mbinga,Bourbon,Washed / Wet,0.1200,1550.0000,fair
Tanzania,mbinga,Other,Washed / Wet,0.1300,1653.0000,good
Tanzania,mbinga,Other,Washed / Wet,0.1200,1500.0000,poor
Tanzania,meru,Other,Washed / Wet,0.1200,1350.0000,fair
Tanzania,mkuu rombo,Bourbon,Washed / Wet,0.1300,1700.0000,poor
Tanzania,moshi,Bourbon,Washed / Wet,0.1200,168.0000,good
Tanzania,ngorogoro,Other,Washed / Wet,0.1200,1600.0000,fair
Tanzania,ngorogoro,Other,Washed / Wet,0.1200,1600.0000,fair
Tanzania,nkure- meru,Ruiru 11,Washed / Wet,0.1300,1400.0000,good
Tanzania,northern,Other,Washed / Wet,0.1200,1600.0000,fair
Tanzania,"oldeani , mongola",Other,Washed / Wet,0.1200,1800.0000,fair
Tanzania,ruvuma,Bourbon,Washed / Wet,0.1300,1650.0000,fair
Tanzania,"ruvuma, mbinga",Bourbon,Washed / Wet,0.1200,1050.0000,poor
Tanzania,shizingo village,Other,Washed / Wet,0.1200,1620.0000,good
Thailand,chiang rai,Caturra,Washed / Wet,0.1000,1300.0000,great
Thailand,chiang rai thailand,Catimor,Natural / Dry,0.1200,1200.0000,good
Thailand,chiangrai,Catimor,Natural / Dry,0.1000,1350.0000,good
Thailand,chiangrai,Caturra,Washed / Wet,0.1200,1450.0000,fair
Thailand,chiangrai,Caturra,Washed / Wet,0.1200,1450.0000,good
Thailand,chiangrai,Caturra,Washed / Wet,0.1100,1450.0000,fair
Thailand,phahi,Caturra,Washed / Wet,0.1100,1500.0000,fair
Thailand,thailand,Catimor,Washed / Wet,0.1300,1200.0000,good
Thailand,thailand,Other,Washed / Wet,0.1200,800.0000,great
Thailand,thailand,Other,Washed / Wet,0.1200,800.0000,poor
Uganda,eastern,SL14,Natural / Dry,0.1200,1650.0000,fair
Uganda,eastern,SL14,Natural / Dry,0.1200,1700.0000,poor
Uganda,eastern,SL14,Natural / Dry,0.1200,1650.0000,great
Uganda,eastern,SL14,Natural / Dry,0.1200,1650.0000,great
Uganda,eastern,SL14,Washed / Wet,0.1200,1950.0000,great
Uganda,eastern,SL14,Washed / Wet,0.1200,1600.0000,great
Uganda,eastern,SL14,Washed / Wet,0.1100,1800.0000,great
Uganda,eastern,SL14,Washed / Wet,0.1100,1750.0000,good
Uganda,eastern,SL14,Washed / Wet,0.1200,1800.0000,good
Uganda,eastern,SL14,Washed / Wet,0.1100,1800.0000,good
Uganda,eastern,SL14,Washed / Wet,0.1000,1800.0000,good
Uganda,eastern,SL14,Washed / Wet,0.1200,1650.0000,fair
Uganda,kapchorwa,SL14,Washed / Wet,0.1200,1800.0000,good
Uganda,kapchorwa,SL14,Washed / Wet,0.1200,1950.0000,great
Uganda,kasese,Other,Natural / Dry,0.1300,1700.0000,good
Uganda,kasese,Other,Washed / Wet,0.1000,1700.0000,good
Uganda,"kasese, mt. rwenzori",Bourbon,Natural / Dry,0.1200,1645.0000,good
Uganda,"kasese, mt. rwenzori",Bourbon,Washed / Wet,0.1200,1473.0000,good
Uganda,mbale,Other,Washed / Wet,0.1100,1775.0000,great
Uganda,mt elgon,SL14,Washed / Wet,0.1200,1650.0000,fair
Uganda,mt. rwenzori,Other,Washed / Wet,0.1100,1600.0000,good
Uganda,"sipi, mt elgon",Other,Washed / Wet,0.1000,1650.0000,great
Uganda,west nile,Bourbon,Natural / Dry,0.1200,1400.0000,great
Uganda,west nile,SL14,Washed / Wet,0.1200,1400.0000,good
United States,antioquia,Other,Washed / Wet,0.0000,1872.0000,great
United States,antioquia,Other,Washed / Wet,0.0000,1943.0000,great
United States,antioquia,Other,Washed / Wet,0.0000,2080.0000,great
United States,antioquia,Other,Washed / Wet,0.0000,2019.0000,great
United States,antioquia,Other,Washed / Wet,0.0000,2112.0000,great
United States,antioquia,Other,Washed / Wet,0.0000,1941.0000,great
United States,central america,Pache Comun,Natural / Dry,0.0000,1706.8800,poor
United States,kona,Arusha,Natural / Dry,0.1300,500.0000,poor
United States,kona,Hawaiian Kona,Natural / Dry,0.0000,500.0000,great
United States,kona,Hawaiian Kona,Natural / Dry,0.1000,500.0000,poor
United States,kona,Hawaiian Kona,Natural / Dry,0.1100,500.0000,poor
United States,kona,Hawaiian Kona,Natural / Dry,0.0000,500.0000,fair
United States,kona,Hawaiian Kona,Natural / Dry,0.0000,500.0000,good
United States,kona,Hawaiian Kona,Natural / Dry,0.1100,500.0000,good
United States,kona,Hawaiian Kona,Natural / Dry,0.1000,500.0000,fair
United States,kona,Hawaiian Kona,Natural / Dry,0.1100,500.0000,good
United States,kona,Hawaiian Kona,Natural / Dry,0.1100,500.0000,fair
United States,kona,Hawaiian Kona,Natural / Dry,0.1200,500.0000,good
United States,kona,Hawaiian Kona,Natural / Dry,0.1000,500.0000,great
United States,kona,Hawaiian Kona,Natural / Dry,0.0000,500.0000,good
United States,kona,Hawaiian Kona,Natural / Dry,0.1200,500.0000,poor
United States,kona,Hawaiian Kona,Natural / Dry,0.1100,500.0000,poor
United States,kona,Hawaiian Kona,Natural / Dry,0.1200,500.0000,poor
United States,kona,Hawaiian Kona,Natural / Dry,0.1200,500.0000,poor
United States,kona,Hawaiian Kona,Natural / Dry,0.1000,500.0000,good
United States,kona,Hawaiian Kona,Natural / Dry,0.1100,500.0000,fair
United States,kona,Hawaiian Kona,Natural / Dry,0.1100,500.0000,poor
United States,kona,Hawaiian Kona,Natural / Dry,0.1200,500.0000,poor
United States,kona,Hawaiian Kona,Natural / Dry,0.1200,500.0000,good
United States,kona,Hawaiian Kona,Natural / Dry,0.1200,500.0000,poor
United States,kona,Hawaiian Kona,Natural / Dry,0.0000,500.0000,poor
United States,kona,Hawaiian Kona,Natural / Dry,0.0000,500.0000,poor
United States,kona,Hawaiian Kona,Natural / Dry,0.0000,500.0000,poor
United States,kona,Hawaiian Kona,Natural / Dry,0.0000,500.0000,poor
United States,kona,Hawaiian Kona,Natural / Dry,0.1100,500.0000,poor
United States,kona,Hawaiian Kona,Natural / Dry,0.1000,500.0000,good
United States,kona,Hawaiian Kona,Natural / Dry,0.1000,500.0000,great
United States,kona,Hawaiian Kona,Natural / Dry,0.0000,500.0000,fair
United States,kona,Hawaiian Kona,Natural / Dry,0.1100,500.0000,good
United States,kona,Hawaiian Kona,Natural / Dry,0.0000,500.0000,great
United States,kona,Hawaiian Kona,Natural / Dry,0.0000,500.0000,great
United States,kona,Hawaiian Kona,Natural / Dry,0.0000,500.0000,great
United States,kona,Hawaiian Kona,Natural / Dry,0.1100,500.0000,great
United States,kona,Hawaiian Kona,Natural / Dry,0.0000,500.0000,good
United States,kona,Hawaiian Kona,Natural / Dry,0.1100,500.0000,great
United States,kona,Hawaiian Kona,Natural / Dry,0.1100,500.0000,great
United States,kona,Hawaiian Kona,Natural / Dry,0.1100,500.0000,good
United States,kona,Hawaiian Kona,other,0.0000,609.6000,great
United States,kona,Hawaiian Kona,other,0.0000,426.7200,great
United States,kona,Hawaiian Kona,Washed / Wet,0.1200,500.0000,good
United States,kona,Hawaiian Kona,Washed / Wet,0.1000,500.0000,fair
United States,kona,Hawaiian Kona,Washed / Wet,0.1000,500.0000,poor
United States,kona,Hawaiian Kona,Washed / Wet,0.0600,500.0000,fair
United States,kona,Hawaiian Kona,Washed / Wet,0.1000,500.0000,poor
United States,kona,Hawaiian Kona,Washed / Wet,0.1200,500.0000,fair
United States,kona,Hawaiian Kona,Washed / Wet,0.1200,500.0000,good
United States,kona,Hawaiian Kona,Washed / Wet,0.1200,500.0000,fair
United States,kona,Hawaiian Kona,Washed / Wet,0.1000,500.0000,fair
United States,yauco region,Other,Washed / Wet,0.1200,853.4400,great
United States,yauco region,Other,Washed / Wet,0.0000,853.4400,fair
United States,yauco region,Other,Washed / Wet,0.1300,853.4400,poor
United States,yauco region,Other,Washed / Wet,0.0000,853.4400,good
Vietnam,dala,Catimor,Natural / Dry,0.0700,1550.0000,fair
Vietnam,dala,Catimor,other,0.0000,1550.0000,poor
Vietnam,don duong,Other,Natural / Dry,0.1200,1040.0000,great
Vietnam,don duong,Other,Natural / Dry,0.0000,1040.0000,poor
Vietnam,vietnam,Caturra,Washed / Wet,0.1200,1040.0000,poor
Vietnam,vietnam cau dat,Caturra,other,0.0000,1550.0000,good
Zambia,mubuyu estate,SL28,Washed / Wet,0.0000,1250.0000,poor